{"cameraMode":{"drawMode":0,"name":"Shaded","section":"Shading Mode"},"sceneLighting":false,"audioPlay":false,"sceneViewState":{"m_AlwaysRefresh":false,"showFog":true,"showSkybox":true,"showFlares":true,"showImageEffects":true,"showParticleSystems":true,"showVisualEffectGraphs":true,"m_FxEnabled":true},"in2DMode":false,"pivot":{"x":0.10937866568565369,"y":5.134193420410156,"z":-9.214552879333496},"rotation":{"x":0.1271461695432663,"y":-0.011902477592229844,"z":0.0015256311744451523,"w":0.9918138980865479},"size":0.411437064409256,"orthographic":true}